Year,1,2,3,4,5,6,7,8,9,10,11,12,13,14,15,16,17,18,19,20,21,22,23,24,25,26,27,28,29,30,31,32,33,34,35,36,37,38,39,40,41,42,43,44,45,46,47,48,49,50,51,52,53,54,55,56,57,58,59,60,61,62,63,64,65,66,67,68,69,70,71,72,73,74,75,76,78,79,80,81,82,83,84,85,86,87,88,89,90,91,92,93,94,95,96,97
2003,-0.6538989171738001,-0.22845570605827134,-0.7682309529104139,-0.48041287513537684,-0.8319799691534556,-0.9580106516932395,-0.7812700731584412,-0.8056580488586301,-0.7833121094845932,-0.32328562409952477,-1.1193350649225384,-0.6587855842391812,-0.8948698472681471,-0.8799457774733823,-0.7723975161823882,-0.5904620985253093,-0.6527112496753917,-0.6256625895570593,-0.7109661278436308,-1.0186992232536052,-0.9288660956861697,-0.7005454029615908,-0.7752409682745409,-0.8139216216622002,-0.8533004651698045,-0.8611224266365233,-0.8227438129612126,-0.9510750178999887,-1.6184117703658747,-0.8896794676567344,-1.1098021064123396,-1.2880378562706012,-0.8596630346296533,-0.901911517625005,-1.1378033050919842,-0.8511308280332784,-0.8056273778719677,-1.1252810658880321,-1.0561574861012923,-0.9877463666766472,-0.9912764473688233,-1.1778331581157777,-1.306432747833569,-1.0007601370383672,-0.7958869138248544,-1.0787776095975714,-0.7702448485959821,-1.2506340572650694,-0.9564955043521057,0.5604992458813142,-1.0721651311597609,-0.9364219921147702,-1.0911314460663686,-1.3965616755959174,-1.5362149692575882,-1.3382177846737056,-1.3872513515869995,-2.08741308734577,-2.002742393345856,-1.1449507064901416,-0.9297723791003082,-0.8354467757514029,-1.4504444056532937,-1.3903098435046193,-1.0932026374925166,-0.6690529542886191,-0.7300986339176903,-1.5984762813322255,-1.8609746188257767,-1.4996541080148402,-0.8695763936784231,-1.13795033129644,-2.003775304397276,-0.7283161589772434,-0.9665826362479238,-1.0310068880922227,-0.7564688630166605,-0.8113328711271212,-0.7769415087718619,-1.4436755516259652,-1.4458110220750278,-1.5743578234192492,-1.7366369909554251,-1.5772727954304782,-1.4125323168658763,-1.2949864215823572,-0.6614594662844474,-1.07727533184506,-1.1489839640233823,-1.050698461125969,-1.4748914145386913,-0.5531004416896066,-1.7650359835480771,-1.2000472910841826,-1.8699626230743969,-0.5853098277675491
2004,-0.6538989171738001,-0.22845570605827134,-0.7604318907203097,-0.4359759813298499,-0.783978488435462,-0.9283464011920879,-0.7953614485052116,-0.8053703765872485,-0.7771470838641619,-0.32328562409952477,-1.0956915755916043,-0.6603863254445115,-0.8908435437877199,-0.8632400201358691,-0.7722840551404717,-0.5702119301000043,-0.6520264475668025,-0.6249613554755709,-0.7114173178894267,-1.0147213072434729,-0.9292332218019899,-0.6998530663982173,-0.7698919982210177,-0.7990571572056505,-0.841920651181947,-0.8240747997929142,-0.8172996763292066,-0.9399651058518007,-1.5792895923405768,-0.8840866154580098,-1.1133521382339988,-1.2677197965578542,-0.8509014782951826,-0.9000496129360824,-1.1245313305977356,-0.8148157998581395,-1.138015792102368,-1.1066928957814757,-1.0502672292277921,-0.9748987951986816,-0.9971332992882519,-1.1534607179387506,-1.5264016820243822,-0.9984447891236399,-0.8053994393831367,-0.941218846106359,-0.7685656667586397,-1.2425337795473907,-0.9318750115729807,1.0475559708317297,-0.9710033102016095,-0.8704306692067364,-1.015175202547976,-1.2843551632734567,-1.5235259422346714,-1.2866627189755342,-1.382772735885348,-1.9719067754013464,-1.7777453745736422,-1.1136395371567285,-0.931933555069481,-0.8305244707345116,-1.4031127171834672,-1.3336092650578895,-1.0514847951448933,-0.5330516404574152,-0.6966858571202958,-1.5788573923498734,-1.7089696795609142,-1.41118764046015,-0.8697032053743258,-1.1275680467898723,-1.9477654572372767,-0.723907117848659,-0.9691405256718749,-1.0289516883389072,-0.6808899062996279,-0.786514753735547,-0.7747122125587386,-1.3244462739686846,-1.4337081747625462,-1.5411781648332694,-1.686735556479073,-1.516192995570898,-1.3848639829526816,-1.2927284439762525,-0.6607341522743435,-1.0763011456786535,-1.1425972207188162,-1.0277923064660193,-1.371136461293063,-0.5514606870557447,-1.6728150943520983,-1.127499775551376,-1.7876317084564988,-0.5894058727845106
2005,-0.638746665948402,-0.22845570605827134,-0.7681761245340679,-0.49040082613867286,-0.7158311905615001,-0.9118437041904723,-0.7914226822966218,-0.8040606869381404,-0.7804924927252146,-0.32328562409952477,-1.106137648324227,-0.6541188687186328,-0.8952977169774358,-0.8768877755437497,-0.7723367040421582,-0.5790807907641635,-0.6509580293193375,-0.6232853583664616,-0.705073222141597,-1.0130194022790637,-0.9198828157827917,-0.6998309493906091,-0.7563518687183788,-0.7345146970623624,-0.8411199209540132,-0.8353182533871024,-0.8151075417431675,-0.915475645019959,-1.4803712910422278,-0.8852954601313328,-1.110405719777628,-1.2095133535825286,-0.8413259579731452,-0.8948491860338282,-1.1004588122512433,-0.7765460819775788,-0.7879532006022072,-1.0948632082167762,-1.0312549503095043,-0.9612375670024296,-0.9851222347813091,-1.0553041221984436,-1.246916687038305,-0.9925437080447405,-0.7225245501025465,-0.9720952975087787,-0.7670526316083389,-1.2118176147621695,-0.9223193442657913,2.128064480344812,-0.9427944026424597,-0.708736322229237,-0.9453820841127821,-1.0774563810468636,-1.478610044423204,-1.1199350145339737,-1.3570175595022531,-1.614908572388001,-0.9238728712545216,-0.9678638777512699,-0.9188017287203827,-0.8175723246462943,-1.3317884051962965,-1.2125826884293494,-1.0304076925135381,-0.3414286877304872,-0.6254792799968719,-1.5383069842228148,-1.2218585344536075,-1.276329069500712,-0.86707588348183,-1.0833722641777557,-1.8411128358104414,-0.7168116585108822,-0.9648987400523945,-1.003212250455941,-0.7151578744959181,-0.8026172987427665,-0.7770653654036315,-1.1384386736013976,-1.4070190126000317,-1.4854261066090608,-1.5835036966364333,-1.441329129120647,-1.3390528339571492,-1.260545327082967,-0.6611165898031945,-1.0076002478863226,-1.1236434821246721,-1.0094997832482455,-1.1786615007949366,-0.5530701759481774,-1.5336129515808634,-0.9505897859448879,-1.590929779255683,-0.5882476819769823
2006,-0.6507766485013942,-0.22845570605827134,-0.7653695131921926,-0.4793110657358127,-0.3501817217578524,-0.909896571994036,-0.7855864490204728,-0.8036650768701401,-0.7709544906035305,-0.32328562409952477,-1.0500711660108921,-0.654551551970436,-0.8787045335230561,-0.8762292762967929,-0.7722356539379105,-0.5680999439348858,-0.6505984250063042,-0.6220487953420538,-0.69963912035671,-0.9430326544132323,-0.8976081408988192,-0.6530104038883424,-0.7633129189496346,-0.8093799613316036,-0.847773522738794,-0.8361730006506137,-0.810898537422737,-0.8938911241105929,-1.384693331184051,-0.8768869760680593,-1.0798543468738295,-1.1861954798602223,-0.8261381068942524,-0.8896346786349605,-1.0789507687993636,-0.751279901536517,-0.6793890243904953,-1.068732642883165,-1.002333556777192,-0.9386401171470904,-0.9635967491877152,-0.9649738401438857,-1.121576183417804,-0.9818659339182041,-0.6957265925906702,-0.66249628479803,-0.7668037233994591,-1.1198984525123343,-0.9222162388978362,1.659730409400196,-0.9680997710373728,-0.6546918335077853,-0.8197728054214347,-1.012938104466575,-1.3848214672778996,-1.1243755038299788,-1.3337734973028308,-1.455978166777343,-0.8043230053672336,-0.9060443465091477,-0.893434603618392,-0.7900085080051574,-1.278075144461452,-1.068678758519179,-0.9328047060452296,-0.27420511943997333,-0.5636533288901943,-1.4790975697491409,-0.8285566261063191,-1.2331143110017007,-0.870790201687079,-1.0313790693034552,-1.1474811447553723,-0.7025539483313787,-0.9483282547102534,-0.9789658035306844,-0.6905102004440007,-0.6028820999077188,-0.7722178623325698,-1.0314573654038872,-1.3852521732771588,-1.4122141888254016,-1.4495845882340288,-1.3226138442441873,-1.3122842970793307,-1.1863650312240255,-0.661366985392943,-1.0342940836091616,-1.1078050878139347,-0.9450493587292951,-1.1953037068525805,-0.5531033916986299,-1.3206411452872893,-0.6897973827197457,-1.3945836760465065,-0.5867237929818312
2007,-0.6273679236454073,-0.22845570605827134,-0.7566164209961823,-0.4367164274113097,-0.49001094274276424,-0.8522955261980186,-0.78539660603874,-0.7959483012372143,-0.7796165084687632,-0.32328562409952477,-1.027584592464057,-0.6499017229290428,-0.8738539165287451,-0.8724435479169693,-0.7723503759162499,-0.5474628925133155,-0.6339009068083541,-0.6076006992270643,-0.6756042679376129,-0.7762509807119552,-0.8637126117025533,-0.6852522938859308,-0.7490610912715768,-0.7957492700346694,-0.8330338470922629,-0.8371690592685396,-0.8100598896299649,-0.8574538545661672,-1.255537532292417,-0.8779168576252767,-0.816256179640718,-1.1472563763744514,-0.8271410007724717,-0.8864628665616189,-1.0622816481322017,-0.741504311696003,-1.094756016746226,-1.0422029226925145,-0.9494890501310786,-0.8721308300057998,-0.9673562693287664,-0.8256595211212159,-1.1916299153226309,-0.9606507648617166,-0.695258979083075,-0.6363560770521737,-0.7658548251835735,-1.024578011510565,-0.8382884738517903,2.0079502911843505,-0.9879940017899332,-0.6099916721391806,-0.8463096151009014,-0.9193125980045215,-1.2094233574452797,-1.1079347398614738,-1.2688315345010708,-1.3561299113307084,-0.5529923749977171,-0.7800018704079016,-0.8563847170714012,-0.7523268278045475,-1.2174070688559209,-0.8977123474325887,-0.8908280888158909,0.0005052673032229083,-0.37532040541545164,-1.3770241585402716,-0.3396281573356608,-1.0979684319551073,-0.8632273841082552,-0.8188444833712513,-0.7844995073336589,-0.6924232795269549,-0.9068053925698705,-0.9036030574479444,-0.7062523652683016,-0.7245634290593448,-0.7671403151707606,-0.7467871042033487,-1.3478321520484016,-1.3089803254609285,-1.3395200817391766,-1.0226891507195304,-1.0850271686634203,-1.13086810050367,-0.6609474723719042,-0.9273372644864583,-1.069014858687016,-0.9489934282032243,-0.954861805983272,-0.5535550808664776,-1.025376460986466,-0.6380586597153797,-1.1837443069403681,-0.5570507194521448
2008,-0.5760115044060123,-0.22845570605827134,-0.7664940435974843,-0.429690014288161,-0.8410560367793765,-0.8256670503738203,-0.7834708559117106,-0.7907273576970505,-0.7690626285575095,-0.32328479520645076,-0.8807100903236866,-0.6485682351665241,-0.8538241831537701,-0.8705838025442594,-0.7696153132080117,-0.5114078307095847,-0.6420600630730442,-0.6143966670103933,-0.6661414633650271,-0.8855546796744257,-0.8200663307805584,-0.6991755458262059,-0.7320772352513816,-0.8041780276770402,-0.7817805555849865,-0.8380102481992255,-0.8066843895273192,-0.786287224685678,-1.1028420115241322,-0.8631943951755042,-0.729176624114556,-1.1076293281822576,-0.7997617394982485,-0.8773339302210338,-1.0075848853429956,-0.6700361649422572,-1.053563722256266,-0.9454377284678267,-0.9510568925088456,-0.8245963828541255,-0.9822299261600351,-0.6201137856212596,-1.2762931003749143,-0.9547610561237297,-0.7578281584920283,-0.692660630654592,-0.7646497668350716,-0.9447562372246415,-0.8832000798034303,1.8921200739714,-1.0266384009781564,-0.6665341286382532,-0.9321587306508705,-0.7162716231988732,-1.2272831976347702,-1.1147958503267492,-1.105266744011029,-1.250214735033812,-0.0974755471639262,-0.7299447749703716,-0.8148424749340267,-0.7293594908131564,-1.1133568304104153,-0.7589782699146947,-0.8858503775584846,0.37522397565183346,-0.270395226620801,-1.1699976940268408,0.23899191644617127,-0.9499931987209378,-0.8607017514102459,-0.7578703000776629,-0.7263968477435687,-0.6870515064017549,-0.9613091898166114,-0.8646022473757222,-0.7494847770515364,-0.8374786077977153,-0.7671715974887615,-0.4568032017645085,-1.2071510714716926,-1.1587017738835546,-1.1311155729460276,-0.8890973912516011,-0.6714382009311727,-1.0251763959782525,-0.6528506146010814,-0.9711821374388387,-1.058558555848188,-0.9280627232034162,-0.7676895030663503,-0.5532765189457339,-0.873685515683827,-0.4222767338543203,-1.1032446329241137,-0.5835046240196081
2009,-0.5644980926199206,-0.22845570605827134,-0.7671206681284798,-0.43409183008119473,-0.6825680019596047,-0.8607290484164571,-0.7168374858067128,-0.7816046252237261,-0.7442235527652323,-0.32328562409952477,-0.9871366832195593,-0.6385474110169398,-0.8437583455427095,-0.8763852009961149,-0.7722183933347819,-0.5386032013641088,-0.6475673673099873,-0.6212659978771853,-0.7031997273677347,-0.909332084385569,-0.8589720462844734,-0.699142670121358,-0.7211881326141647,-0.7870809110750642,-0.8181339798196109,-0.8579747436907401,-0.8221054885326001,-0.826152862124644,-1.1214656304757793,-0.8245946121719435,-0.9539248496943347,-1.0890925230688304,-0.7420340662514096,-0.8668438245555378,-0.9672367748322847,-0.6970419154498025,-1.036527555207134,-1.001331021872023,-0.9658199299051642,-0.8656064786164025,-0.9930864176352139,-0.642771680302265,-1.3034320136792061,-0.9554559231907043,-0.9049838103015264,-0.25338052205368067,-0.7643999185620037,-1.0283161911779708,-0.856428180378205,1.9910966487792552,-1.1209876938999181,-0.7409093101204279,-0.766317290789492,-0.7637620273203446,-1.2000353219718436,-1.1068258536905407,-0.960858845176889,-1.0399363984927086,-0.2952326349356968,-0.5782256174330093,-0.8359743577073203,-0.7548452741162307,-1.2315379964641824,-0.9037829034370067,-0.7595698091782707,0.06127102889709992,-0.3367924609702494,-1.1864987674665441,-0.36603841821656274,-0.9878611502456605,-0.8521700944745852,-0.9887111156240732,-1.0368420629674895,-0.6978207140610524,-0.9663071856221189,-0.9390655766134809,-0.8363500489580029,-0.8344119311862518,-0.7706895609918765,-0.9373995626674644,-1.2782267216989989,-1.1619210781503837,-1.1216808045739153,-0.730331511203676,-0.9692789856095503,-1.0552656663768587,-0.6600241910377903,-0.9256025880138689,-0.959257571729606,-0.8796863596369792,-0.6523941161073092,-0.5498432038640506,-1.000768291519976,-0.44799755364221605,-1.0089138284383947,-0.5558706977625016
2010,-0.5703780459605614,-0.22845570605827134,-0.7601572204702388,-0.3963882268928127,-0.7562012477435499,-0.8807412346155125,-0.7527321302570277,-0.762640357179054,-0.7588658981856519,-0.32307824629163046,-0.8569929667771553,-0.6269863315095275,-0.8301696008875156,-0.8669765607660262,-0.7715951060919557,-0.5100752533154292,-0.6233867864261124,-0.6173464538092246,-0.6964502716261782,-0.7703303220274355,-0.8402944497761369,-0.6887036987526485,-0.7033522352735211,-0.7644917155841279,-0.8215951957476528,-0.8514789088365088,-0.8175567878693667,-0.8023963536418348,-0.9013898659191354,-0.8172031080576282,-0.6466479574727396,-0.950649274114683,-0.7164715224088232,-0.8456251126223999,-0.9055600989676001,-0.6540425304080819,-0.9664702128629667,-0.8408420727413469,-0.9067019733289902,-0.7470175966331755,-0.969005712721386,-0.30971480526077305,-0.49126540400010954,-0.922381148876898,-0.862603350856314,0.37022884886908264,-0.7571997139931399,-1.0144101012364555,-0.7591238424916246,1.7740918543549258,-1.0501476256027968,-0.5733675706255542,-0.703217374527746,-0.5169087442147731,-0.9548959693795313,-0.9377521282711491,-0.5756792784197776,-1.0753386722941298,0.06776344932989245,-0.18997372520252145,-0.7219341780838756,-0.6987079413450179,-0.9953218019210724,-0.41901404656247737,-0.29236874521182177,0.0677701644685956,-0.13876134217812983,-0.9950646467395389,0.34556216148568164,-0.7163897275522962,-0.8562412817038629,-0.6695310799272798,-0.8317015693871844,-0.6604564148085627,-0.925774549407174,-0.8946920134528407,-0.8165673191461748,-0.79756520176509,-0.743229498879298,-0.7390640426146567,-1.1627820329707184,-0.8971005556374325,-0.9760196583787594,-0.6607716631854689,-0.9305466504154928,-0.8848216918599017,-0.6556884187530834,-0.524767076043136,-0.9543712983305257,-0.8146179920399667,-0.23867698375462487,-0.5526688396061002,-0.5533467761913693,0.21390566539271355,-0.6677760625540289,-0.5583139842599338
2011,-0.5258696896837977,0.35422267043245553,-0.7565202986017731,-0.25111699386544034,0.22544323299726732,-0.752921282217733,-0.7298692461140759,-0.7355209378073189,-0.7281941570712346,-0.32186152960219955,-0.8549427811646775,-0.6117890771370661,-0.7689266084368805,-0.8649369741433492,-0.751197306349638,-0.4833914357931594,-0.6277513115776575,-0.5572933539283293,-0.6587124433868594,-0.6464633494316673,-0.7765912338460043,-0.6781017409130865,-0.6568365713058089,-0.6928995364909971,-0.7565158533856317,-0.8412249270285939,-0.8073968466395337,-0.7211760277551075,-0.8241296194062162,-0.7513967918287074,-0.1810559481438663,-0.7441541490702703,-0.63830697302301,-0.7729254845881322,-0.8304915257259645,-0.8188966490577544,-0.8872637070298551,-0.8070571121557041,-0.8198477154683188,-0.6638458589053968,-0.870434242775606,0.24611984772096018,-0.19911504278122,-0.8323196977698645,-0.8511732984053022,0.5699714873757002,-0.7358790931619359,-0.8546750373231267,-0.7988175811559339,1.4612879536680747,-0.907184185506852,-0.6093127473617982,-0.3685003942586329,-0.18504484217851377,-0.5238992566645368,-0.8025307748786068,-0.2578504984533635,-0.6529276511879264,0.8400801297735592,0.3007181158778937,-0.5691141448655209,-0.6103643581908722,-0.6434614118997516,0.016374634253508887,-0.5287075954821491,0.572557641995683,0.07496267970211247,-0.7522299612588428,1.5297966573186954,-0.6144280184666546,-0.815600632518009,-0.7023566810908296,-0.37478332961795974,-0.6288225359587798,-0.8979489861414071,-0.7497421605237212,-0.7519217972330496,-0.7617734431638431,-0.6225049414620777,-0.3226702553570939,-0.925006778873173,-0.64504019406597,-0.6898699864608833,-0.4898020646026707,-1.0200988323672133,-0.6895387521621305,-0.6423346261859316,-0.3458514032705894,-0.8609089404666035,-0.7206410004970019,-0.2220491202793103,-0.5401766773503407,-0.022608360998978217,0.8676800426635414,-0.4477675853985011,-0.2149866667888843
2012,-0.6055615998345342,-0.1574968891512736,-0.7624936652757396,-0.4262358561143776,-0.05390944527481227,-0.7838285881147482,-0.7292553545125938,-0.7460735089113311,-0.7642853250366669,-0.3223166387299596,-0.6796117811169575,-0.6153706331572699,-0.6890810684713141,-0.8365884344190152,-0.7545021135600855,-0.49923353624187317,-0.6392927299005057,-0.5860214370792326,-0.658901279981267,-0.5454366087190826,-0.7840618692322378,-0.6871582553463047,-0.6589838166503718,-0.7065064219887793,-0.8005270207506419,-0.8468948594001042,-0.8151555829737435,-0.7356056578563407,-0.7006751663372734,-0.7593575614250575,-0.1940002655959754,-0.7289082609843882,-0.6491484305977098,-0.733438960799744,-0.7511297022046854,-0.7471074700097585,-0.9448566963427149,-0.7970035229184982,-0.8072264865312055,-0.7580719409565734,-0.8874079156929746,0.4477678758601199,-0.16676399645715717,-0.8637455689022441,-0.7217751916688354,0.6529948344799841,-0.7405665282320496,-0.9187193557432096,-0.8044271853755343,1.3598898312154863,-0.8979192107005564,-0.5216109457576018,-0.24643490429661288,-0.4032462255955484,-0.6937066315400493,-0.7729544867828383,-0.6494080556924505,-0.4907534871541286,0.9283422315067539,0.4904528214925705,-0.5931331533628217,-0.6102167968851706,-0.7110931903486117,0.1403724087605805,-0.3154854870654558,0.6468397590011202,0.2266546357853638,-0.567651002694396,1.4422813533071712,-0.5837722071887946,-0.8328592576949153,-0.7682783323420717,-0.4121291640533753,-0.6355636367849047,-0.9174838512994571,-0.732240833893392,-0.78708625387409,-0.7900667125350079,-0.7218178031622348,-0.13237733942529278,-0.7114088439480591,-0.5015903511728222,-0.6431372689979808,-0.5012933418566329,-0.90159170310659,-0.6736840576206268,-0.6398952220209418,-0.7251497504380197,-0.8023045658695976,-0.6697145584107576,0.36827366244112186,-0.52609851367857,0.10605778024533834,0.9840730296513553,-0.3127558948204075,-0.577896835067149
2013,-0.6538989171738001,-0.22845570605827134,-0.7678272591757543,-0.48255224554261417,-0.4423393199640757,-0.8100668413408013,-0.741664366529936,-0.7380811167581462,-0.7827872112531198,-0.32328562409952477,-0.7021286389514498,-0.6316170911534584,-0.7057480820878503,-0.8130345091308129,-0.7722135246123487,-0.54087283265168,-0.6394419122401872,-0.6197176769173239,-0.664386665279797,-0.700136712169268,-0.8063840595859576,-0.6969378794395923,-0.6787249097830991,-0.7527125521473312,-0.8283515809112258,-0.8519974426246049,-0.8186151199614834,-0.7395013359682336,-0.5607727138045073,-0.7766408509278373,-0.3573788580482379,-0.7660825413389011,-0.6288364923377179,-0.782511871698441,-0.7175051145209488,-0.8683400697155126,-1.0634394960374576,-0.8016342945875753,-0.8104824592626747,-0.8270291206601107,-0.926715520911772,0.8206686963663528,0.27141789341962125,-0.8906840420896233,-0.9361941564106077,0.5455863230897385,-0.7590991605962942,-0.875526462690058,-0.8621715145260461,0.757984241926176,-0.9616975090076834,-0.36754582379855416,0.019941874174898486,-0.28112767071039224,-0.07567500106260634,-0.7372930571204845,-0.6912971248583345,-0.2750810298434297,1.3286046138169845,0.5836216908553428,-0.40015049507471256,-0.49137108133958507,-0.662131745016167,0.3689227778684739,-0.05929678027031712,0.6134297836762436,0.3303858761516813,-0.6207108779121457,1.0787564820512547,-0.5685289972180225,-0.8452850914576937,-0.911506111425368,-0.4981807829289717,-0.6485687425899112,-0.9019609597448461,-0.7033588278019423,-0.8290436519384108,-0.8106258122996953,-0.7590282435829728,-0.18097885015901385,-0.7768643335926815,-0.31603826823637027,-0.696782585790964,-0.37554120836238236,-0.8927638849725837,-0.7225937319007371,-0.6574798391901047,-0.7027101573716081,-0.8188993764049303,-0.5657804848617535,0.46592981115972126,-0.5529936108284903,0.2580654896236001,1.4830498939589456,-0.13843127431322516,-0.5852289751928192
2014,-0.6538989171738001,-0.22845570605827134,-0.7668122635919988,-0.46965603821777024,-0.3957384919143706,-0.8027898446212953,-0.7560910347171237,-0.7417565685754312,-0.76970510772773,-0.3232851417493179,-0.4047320812075775,-0.6288301042863652,-0.6889751120782768,-0.6418568894989692,-0.77215839964142,-0.5249831212599435,-0.6358434688089225,-0.6132482088523591,-0.6662049122929493,-0.7258537404725235,-0.7809459174437157,-0.7002261340644709,-0.6545284171384746,-0.7356609250708013,-0.8177134805207925,-0.846324242373239,-0.8151476460873608,-0.7251042144351585,-0.3281703302533012,-0.7590570394875255,-0.18805720642331467,-0.6963031458968268,-0.6137053281414,-0.7470116662533725,-0.5959576719051073,-0.8666319604844326,-1.0649907794744016,-0.7130503991853336,-0.7173504043942488,-0.8025501408533667,-0.8748449953006766,0.9949776123172558,0.06759928126416816,-0.8727813069097643,-0.8711508827364502,0.387576036676818,-0.7559307846298741,-0.7870289269078632,-0.8954168435159738,0.5686345344220861,-0.9110681710296517,-0.625754824385139,0.09665308512080507,-0.2669232639987853,0.09393747658178557,-0.7054251028645918,-0.6812018232910363,-0.3635377082858195,1.4476319925297036,0.8173385119285749,-0.26609949010824474,-0.4450537933963141,-0.12212848065305792,0.3753408529515366,-0.05998431089877741,0.8929959732154695,0.2668204579918814,-0.5927205028949075,1.6954995033704878,-0.5183615913497974,-0.8331488454618294,-0.6431471389216,-0.42110860184574384,-0.6480559075727002,-0.5765047621457984,-0.6454089285377967,-0.8332159082725592,-0.7960355287647629,-0.7633682013076986,0.0170766064026332,-0.6214583951456633,-0.1590130290845189,-0.6967869633738679,-0.2342259461644167,-0.9781978506826675,-0.6128031879814395,-0.6586196915636869,-0.424123031994727,-0.7708590475260243,-0.4959960293485262,0.5019284456253914,-0.5529472213736212,0.5145077844018502,1.459926626755353,0.021720777109836015,-0.5838746773926495
2015,-0.6538989171738001,-0.22845570605827134,-0.7674752642511112,-0.4758886744117215,-0.5627867444205801,-0.825550035973249,-0.7541971307377126,-0.7786626595001128,-0.7768882913607587,-0.32328562409952477,-0.41379758239224906,-0.6150024148262794,-0.7347389822187897,-0.3698240633256016,-0.7722098653390762,-0.4979189452039707,-0.6228955711223618,-0.6057531464510654,-0.6781873000118883,-0.6803234660875066,-0.764326118027802,-0.6998475879945651,-0.6476488498014243,-0.7720084448952922,-0.826699825819743,-0.8568803031265648,-0.8166153236626328,-0.7517770072574055,-0.3496551381762131,-0.7302241899012762,0.09396380275581095,-0.7199367089819224,-0.6370137609052663,-0.7386105963231567,-0.5830146236464624,-0.8661310578642094,-1.0421487861492988,-0.7368874729660757,-0.7382928101007483,-0.739326777862455,-0.8783090087472245,1.1118719713904974,-1.113324614513425,-0.8548474287659849,-0.7971952624989549,0.09710447563844864,-0.7572675743018213,-0.8434617298962335,-0.8013530954108352,0.35429110594931623,-0.9205309609751011,-0.6782265311421531,0.3586070317924495,-0.3580344388317213,-0.18833126613859832,-0.5201609090315379,-0.5602969149672581,0.0010858378444961107,1.2653597499637383,0.9356630888213647,-0.11920475647371702,-0.3689693384097168,0.35577814046605866,0.6540863317162794,0.2684646256643691,0.991300290954903,0.29647865898607123,-0.4013375060927705,1.9708425298334524,-0.29743937025714196,-0.8557070857912493,-0.6092323438349505,-0.6476651205223944,-0.6601913536959704,-0.7898656745222451,-0.5810890341976648,-0.8337159341166409,-0.8116865846025251,-0.7671506112407798,-0.045468746644284595,-0.6970453440989136,-0.060538195276052954,-0.6091358513494552,0.07556455338457117,-0.8867543420058143,-0.6265241098286238,-0.6595334722452931,-0.6315478360820087,-0.7492806663206263,-0.5405819071967798,0.6445732663149507,-0.552847101220054,1.3508750887702956,1.8887048675542824,0.19358943966755962,-0.21384479762260986
2016,-0.6538989171738001,-0.22845570605827134,-0.7604189863396649,-0.49030057203118804,-0.8786110315901516,-0.7872270341030515,-0.7628789941250287,-0.7232159959802894,-0.7735665842936246,-0.3232808895746782,-0.4097754183569902,-0.6208749960521126,-0.712082453543403,-0.013139073264548851,-0.7721904713578982,-0.512734765325308,-0.6388123479108743,-0.6070476039445816,-0.7008789228957346,-0.6756211153699655,-0.700556737836999,-0.6999023825969567,-0.6366642474615896,-0.7821315040905974,-0.8296973236832208,-0.855914064002873,-0.8177718287857659,-0.7878219625460963,-0.48110911515702925,-0.7476207100026041,-0.5881750597377174,-0.6567030957368651,-0.5905041538738328,-0.7340643598659558,-0.6064221620993409,-0.8347303439522595,-1.1037675377976959,-0.6874643034585664,-0.6930982026808191,-0.7082013182367635,-0.8701479444427827,1.1089243411958374,-0.7273999609103331,-0.8738395820288003,-0.9396709718686344,-0.12601673629399646,-0.752423908290211,-0.7869087495553743,-0.8956243682654167,0.2905577542513148,-0.9845835278657721,-0.7169903301145529,-0.27247672236586756,-0.39742725853603444,-0.3709779114725546,-0.47647515186012207,-0.45112308389501515,-0.161879183642613,1.075023442065477,1.0596510591417798,-0.0586715001271856,-0.38169340974217925,0.045509532411156066,0.8230704366681902,0.21474044198521564,0.9161872142315545,0.3281189668910396,0.43494274035892694,0.22275066062161838,-0.026348994003495586,-0.8576163354350522,-0.7785799204967152,-0.662248942406385,-0.6656838288033204,-0.9433376268576171,-0.6502638971470306,-0.8359645119016341,-0.8152413892789007,-0.7623541123060491,-0.14847164231552987,-0.7458341942039993,-0.01141971128219014,-0.5995376752351288,0.21982019636225156,-0.8909298957157158,-0.6099674989395766,-0.6588471674100393,-0.17073600085375265,-0.7271773787436364,-0.494019324331021,0.712806275517546,-0.5531401879943854,1.229374787174538,1.6893831677121036,0.32152267156470904,-0.5817998230951379
2017,-0.6405977726052545,-0.22845570605827134,-0.7616086889476775,-0.4903972526761396,-1.0228608463912543,-0.7224571015798198,-0.7598569035585847,-0.7182518030063059,-0.7734218940366588,-0.3232020744874695,-0.49072415268913316,-0.5960334283284998,-0.6936822312504027,0.38426734767051124,-0.771382828122203,-0.5138730195372008,-0.6379046462315314,-0.616838451383971,-0.6936853456335753,-0.6152243758451134,-0.7065681855187258,-0.6853840265129972,-0.5912810564703405,-0.7713612512567586,-0.8121245463858705,-0.854824411886014,-0.8153960036985023,-0.7799758109671132,-0.25758637153413544,-0.7623309923706574,-0.7359485484522686,-0.5387999469229802,-0.4764426060954467,-0.7058792904312875,-0.5250429518250981,-0.8599676990205694,-1.0710019645038509,-0.4509786760663918,-0.6323720787815201,-0.7555521912575194,-0.8809457809385774,1.760625811475423,0.1583008362749465,-0.8665440698687824,-0.8934000787999059,0.056205138678083175,-0.7540979832426494,-0.6071807577394356,-0.8883075029125329,0.4923249493659741,-0.9386893757158837,-0.7001838720219465,-0.18313132320556083,-0.24820279438756665,-0.061710785026672293,-0.27789864904556133,-0.2412143961789404,0.28285400975818786,1.629681511548922,1.3581607575306471,0.21460029251817617,-0.2880784415426339,-0.2822377245705102,1.4710582640181926,0.5383297095583374,1.3379125688448925,0.67359420003767,0.42514230662659014,0.47989991076683963,0.2998075289838921,-0.8526991590569355,-0.7821552147893541,-0.46409663648957017,-0.6445813293247314,-0.9358940400060842,-0.5978913200215,-0.8354327680898024,-0.8243535119575939,-0.7427523408975082,0.5099315299635745,-0.5594017619514452,0.36680612576233235,-0.3844543940699247,0.8353069471536948,-0.6106683046425078,-0.5029629200628563,-0.6588962528733034,-0.654753984921427,-0.6233383443058865,-0.3547403306257156,1.1265183300615795,-0.5519024677963389,2.009397265994028,1.889876463862876,0.7651517403600855,-0.580701615693093
2018,-0.6538701778586659,-0.22845570605827134,-0.7494217918667365,-0.4904358707160679,-1.0838674660235168,-0.6487244107130945,-0.7654718559600316,-0.8034246372283492,-0.7725531062893388,-0.3226731938761208,-0.22408933842862183,-0.619175384380222,-0.7391784880135653,0.5504188481299022,-0.769681492728152,-0.4183046316288393,-0.6335363387876103,-0.618642675627455,-0.6964011485223126,-0.38008879384917293,-0.6803852066959413,-0.6995706538975092,-0.5658246942539181,-0.7795697763196163,-0.7703950374981131,-0.8524606035613349,-0.8112319019313676,-0.6038434560967926,0.1883114211964726,-0.7391204359424244,-0.5363692577288147,-0.43425831152741723,-0.4950829183798376,-0.609408951618304,-0.3822912244366589,-0.858422164891811,-1.054806431521072,-0.3739628205021074,-0.5192711237251797,-0.7745329556387341,-0.9121209354309966,2.5390065832542374,0.4653747646844459,-0.8670738271569906,-0.7656560986014092,0.703161186632432,-0.750663528638584,-0.6510440681151168,-0.8865852959926772,0.005297688341959329,-0.9170828501035901,-0.7127380089098242,-0.23710455566204705,0.024269861284743004,0.06147125413854666,0.021872851828321733,-0.15874114176644363,0.26700485914358657,1.8192086249605433,1.4463817173753364,0.5587380530040161,-0.29182837448676485,-0.01858918202278194,1.6255895502104045,1.036947067198019,1.8198587785704219,1.584497462408012,1.5194898726200883,0.45215925616139585,0.5772003967563756,-0.859351850823493,-0.8401334086281017,-0.05970126618203488,-0.6363670994086308,-0.8712558993434001,-0.3580274959637684,-0.835658725620455,-0.7963342715082169,-0.7570275135558096,0.889831222292816,-0.3403951319875703,0.4958059345475558,-0.29668182482326916,0.43950566838837307,-0.2626249190766651,-0.35027588201285736,-0.6589089629708605,-0.7363383085132876,-0.6148744233004843,-0.6385168385957304,1.6019272741466768,-0.5531319234652896,1.8203747766885385,2.245315744737212,1.2910665997273705,-0.5745304553422698
2019,-0.6527828737694199,-0.22845570605827134,-0.7449539498159019,-0.4904358707160679,-0.9370935851105074,-0.5766960235911277,-0.7658029794236805,-0.8005950508576757,-0.7760474811813738,-0.3227366112208017,-0.31839111046745244,-0.6481503275839817,-0.6760129916771214,1.1133317233371338,-0.769489177439791,-0.46898912552881494,-0.6361648071674443,-0.6190750699979316,-0.6914181109341084,-0.15577943503532518,-0.644538931492903,-0.697616517352368,-0.5481040227970188,-0.6874018244631775,-0.7671875215169206,-0.8540937864652461,-0.8186952562377016,-0.7031494360589226,0.12210968147421697,-0.6913258041984767,-0.3997185702888743,-0.3581588831329181,-0.40867212683253856,-0.5856765530199948,-0.25414096355413257,-0.8682395927019196,-1.0427529053930322,-0.43569054308384425,-0.49231720978362725,-0.7893133659165138,-0.8688390303069258,2.201105188555799,0.2345540453409166,-0.857732567164515,-0.6455005407126962,1.1858559966791289,-0.7475155388195215,-0.6343054106978413,-0.8868446706434441,-0.023390205568355582,-0.8394714448868904,-0.7097814315193748,-0.4881684281665503,0.5326460832269395,0.41119763797700315,-0.09767828298506194,-0.21012825253023548,0.3463558276394753,1.3070385041883281,1.2831841768100958,0.54288933716597,-0.21107499475243954,-0.13572826491397033,1.248078444068544,1.6308642755113196,1.7041912711697695,2.160792844636889,1.2906965413479263,0.5492606349049081,0.7032566418102045,-0.8663128639626033,-0.8636056507984764,-0.0946458868216186,-0.6471756125044182,-0.8036670625689318,-0.40026861121770513,-0.8276742940601285,-0.8053808222094876,-0.7227461654756304,0.6979332869763799,-0.2525712383580699,0.5043285358877284,-0.2735157649481547,0.14241048121733527,0.06496845296054869,-0.5240745565736966,-0.6569178110613404,-1.0453089846543069,-0.6678192061834503,-0.7184418602006694,1.3113383603921207,-0.5518216465567634,1.5401266729425431,1.782846785150092,1.5366331185410003,-0.32809906162835756
2020,-0.6465932358855695,-0.22845570605827134,-0.7316881245819006,-0.4904358707160679,-0.8725486095199834,-0.6578945893906357,-0.771474330376861,-0.7980476738779475,-0.7666715343109987,-0.32311057780452934,-0.6351187029777021,-0.6331325248290963,-0.643400004504656,2.2703701605517037,-0.7707399752182693,-0.3027678615431364,-0.6442806544211213,-0.6217705302684495,-0.7009321780454847,-0.40466735712191004,-0.5602317646275993,-0.6941671860376594,-0.5524181959020448,-0.5553994398283411,-0.8073107796378924,-0.8532431524852241,-0.8219610940592684,-0.7646790190035034,0.11431655384070952,-0.6929956296134098,-0.5417551750457333,-0.4430513343253072,-0.5243050050706682,-0.5981881809695321,-0.292776775458554,-0.869275658956837,-0.934360864275396,-0.45212246408398943,-0.6254674136961148,-0.8532777735701385,-0.9255380851346919,-0.008525397529003425,-1.182694315837173,-0.899412524575577,-0.828086136167244,0.5663093362508055,-0.7510695361065668,-0.8613832549953122,-0.9217460187083254,-0.6373505500615962,-1.0156838609242487,-0.8709670392216584,-0.7489827090941573,0.11859324719883273,0.12490280980295197,-0.22633983597779916,-0.8037861791401827,-0.44732977727030077,-0.18099808900780864,0.63624183322996,0.040215103430961546,-0.006099965991519824,0.25676435395609565,-0.10131322542275385,1.1440923282453046,0.7550278733852698,0.42692048410869726,0.36485896428566683,-0.10550964978244792,0.02147115176053613,-0.8695318750623147,-0.9575373674319896,-0.625378762290456,-0.674960642905737,-0.8229081016961207,-0.6278908882262584,-0.8286338165674894,-0.8260148173841768,-0.7548197044361793,0.058128236252536394,-0.31253581728046725,-0.13778537881107253,-0.43806340851340914,-0.04952231395114006,0.0237495974824282,-0.5721484494942912,-0.6600304623835043,-1.053346943538538,-0.6281558379015663,-0.9237509130305338,0.7288130428189445,-0.5523315477347261,0.15549987176585617,0.8020219761523133,0.8306961392857992,-0.5243292222106587
2021,-0.6519949375461558,-0.22845570605827134,-0.6052140782059162,-0.4904358707160679,-0.6952938031184865,-0.18421495323288273,-0.781610455471925,-0.8006822905066513,-0.7620171664099459,-0.32328562409952477,-0.42455657720966017,-0.6412328495732432,-0.6185954866385975,1.8676991089059232,-0.7702057321862948,-0.45498286777568847,-0.6389144323347673,-0.6186438831054984,-0.6949425992496351,-0.38251265496453973,-0.44775239930101457,-0.6956678724182163,-0.4863517339845621,-0.6177586342490788,-0.7640229441408655,-0.8445113941731999,-0.8156669840632065,-0.6706358439345789,0.9495782604005988,-0.6585339752872766,-0.19459226793081097,0.18862510685001005,-0.4057771228114622,-0.5337793308245492,0.13287031174082503,-0.869669001757591,-0.7442057802537856,-0.1936956107412035,-0.21828079257693692,-0.7946493060249693,-0.9128463267583166,0.391542650513251,-0.7135159401949149,-0.8573614348651707,-0.8264794286156104,1.103745776582085,-0.7471234547875606,-0.6939074833987828,-0.8962091400428024,-0.698071782524664,-0.9682259518134365,-0.7935781906081023,-0.4979277287061533,2.275912580118658,0.8196089781404856,0.470686388263364,-0.8001735270049203,0.6621298072635062,1.4717905861043803,1.831302380574953,0.3545650478678258,-0.34132764441371666,-0.12489707622385797,0.3113771334266371,1.4373987702282063,0.7464230807508105,1.3863507784561957,1.1236706804786518,0.5901196149907127,0.7154333802740792,-0.8662696809900451,-0.8819780091658188,-0.17414264171867072,-0.6067929421927077,-0.8264329949049846,-0.43694338079696965,-0.8374089270396438,-0.8169343993317602,-0.7460335276325107,1.29266752442946,0.258117746115672,0.7989237695796034,0.25991262157710593,0.7255873749411631,-0.2645096950325226,-0.2568879816614935,-0.6607888614485928,-1.0273223788796573,-0.3391605755947408,-0.7263126962858487,1.4714176143732072,-0.5535270670403333,0.6606433296756656,0.4759609585278247,1.3862747290222235,-0.5816093489921548
2022,-0.643489021398312,-0.22845570605827134,-0.5010634113557234,-0.4904358707160679,-0.5936117512232294,0.0779323978913162,-0.8009384179909326,-0.7986335012639196,-0.7758664496919843,-0.32328562409952477,-0.07988022690607603,-0.5630867242630305,-0.5479917864101798,2.012528116937091,-0.7704371818058664,-0.40371840205496673,-0.6348062478611615,-0.6190718051179789,-0.6933750646448971,-0.3916674677812552,-0.41029959414446515,-0.6841178575439387,-0.5200832411195232,-0.7490033617073395,-0.7148888861837067,-0.8450502245305378,-0.8120377664850689,-0.5461779691674632,1.3346714895540162,-0.6983182349944073,-0.3143966945793357,0.23368296910651734,-0.3363368100233638,-0.45365292916248223,0.6545940928097745,-0.8696816849216019,-0.7442675125916228,-0.20254437298821562,0.039667867230669424,-0.7323263063096948,-0.900493423790517,1.217206686823471,-0.5194816654695998,-0.8383339038257184,-0.8438960415606023,1.5002758155800116,-0.7213011691832529,-0.37847253543823206,-0.7996419548090277,0.05194234495345143,-0.7473753324393542,-0.6917519243789698,-0.21371715942670158,2.955524302469959,1.2645431688875537,0.7579362392221234,-0.05910548768162781,1.0342775550857655,1.7096612182051412,2.1639356675051897,0.6175560023011817,-0.16094085106134337,-0.16839210999043774,0.9801413110885511,2.371475363819281,1.812072630102499,2.7214911583003194,1.5382131194879602,1.563306735304564,1.528839966546754,-0.8507796419458574,-0.705134346651663,0.12989865144631738,-0.5801238336931274,-0.6524719982869419,-0.19263194173230036,-0.837132867356076,-0.8206490722057224,-0.7494087009014125,3.078250225638758,0.32725793561533323,1.291081218588885,0.5884833789763175,1.101872843199872,0.1712698869014141,-0.20986777587020414,-0.6590705386141597,-1.0519553854572439,-0.4168254171516018,-0.6242781540020341,1.394444360217195,-0.5427899349618702,0.9331810472440274,0.4552900710297557,2.261980554963641,-0.5552661100983447
2023,-0.641653205530922,-0.22845570605827134,-0.7519157310816816,-0.4904358707160679,-0.8302219444764668,0.008627921641019968,-0.7863578629362071,-0.7894618731564856,-0.6448396278682363,-0.32319900711479443,-0.24549449692699626,-0.6248166516515858,-0.46294023856954086,1.8346732018980336,-0.7702102674116892,-0.4885577521215924,-0.634042083736666,-0.6216554154077811,-0.6886781869653346,-0.6731960289008475,-0.34854026647571223,-0.6926006240984328,-0.45865903235863803,-0.8147326779085106,-0.7067870071991457,-0.8261426331747679,-0.8170776560618014,-0.5376666200379064,1.271081717777606,-0.7071077564429357,-0.2221857167905673,0.4058604984170908,-0.2166297634954797,-0.44665009692740315,0.6758867317694585,-0.8474826888577761,-0.7031099514301464,-0.255922527042616,0.13930574189513367,-0.7014668995342928,-0.9118472019428321,1.4646477031959342,-0.2997683427064529,-0.834218946851128,-0.7438367885308724,1.1696748817027354,-0.7528329079585888,-0.37462898055949573,-0.715711767329871,-0.30102823916741256,-0.7186998974573626,-0.7903416079341689,-0.2641340368941715,3.748926816923182,0.3692347112302235,0.42156688532311926,0.17995734013229547,1.0651583702669762,1.2747940873611578,2.1640533924042105,0.5384588922685347,-0.024016199455493777,-0.14492437502830713,0.821792165204276,3.0014897663397933,2.466714074535964,2.7947045056307984,1.3428895879580165,1.4558436105000547,2.1927543306920283,-0.8320821390659583,-0.5650258533097523,0.29449076702480687,-0.5939538520878774,-0.4885278060312287,-0.1605147343472237,-0.8377206694369301,-0.8165679395842538,-0.7386223688113315,2.1050280126270025,0.5044889558297675,1.4227893962261853,0.9028612814741235,2.3471409908710403,1.7891706028024963,-0.16087373168225444,-0.6570698502300576,-0.8644749519266828,-0.24782802332259424,0.6446674081279788,1.6489339741766889,-0.5359733423561344,0.8457179292655678,1.358436742151355,2.329897574047596,-0.5712134801813206
2024,-0.6202320990786754,-0.22845570605827134,-0.7537670727842345,-0.4904358707160679,-0.874036079181251,0.22627407815724582,-0.783023349406373,-0.7832344122935355,-0.7467194746431693,-0.3230160231149375,-0.34302399540885076,-0.5999062400599261,-0.402618382194143,2.1650916533652134,-0.7696803638532133,-0.5087308613539311,-0.6324984389668586,-0.6169602484046864,-0.6880955055710613,-0.5721320262946514,-0.16843760550802747,-0.6880167956879791,-0.4361039903373042,-0.8166652689518221,-0.7098228159370924,-0.8119624621492607,-0.8205361689742772,-0.542918746393056,0.7813037835952383,-0.6810018266428001,-0.8222440420674884,0.6262991151356574,-0.16493886407069494,-0.4427143055458326,0.7797031416388599,-0.5845636638070606,-0.637427465986947,-0.26084573005484035,0.2126042444611437,-0.6966849555739792,-0.8734176597005626,1.6063055732652418,-0.17251345349917002,-0.8257342690393344,-0.46026917349496715,2.0044532180366894,-0.7461910665639557,-0.20421878556045678,-0.8246855241901137,-0.54598563053669,-0.7379552235682189,-0.7844147839340361,-0.25187351594197593,2.0474329472843062,-0.23846690079644464,0.5638092768582343,0.5297955111573653,1.5760092424331222,1.0695031770395786,2.8147629511446595,0.528670737577566,-0.08780636166508225,-0.022624297880290786,-0.0493865830889662,2.204274787660868,2.7888105474150784,2.788663172485663,1.3651517878403465,1.5398715233534592,2.955291149643292,-0.7816220899373911,-0.4824814436491834,0.47130474162827696,-0.5037807535631956,-0.5036333573177844,0.08255680265504511,-0.8374351417480497,-0.8213599184564054,-0.683682399609112,1.9939837840185364,0.6810279306874882,1.627882483111736,1.149381115085388,2.6694847513067312,1.5420559917990864,-0.04742392369386164,-0.6559105131307944,-0.9088694191645516,-0.18828921414694427,0.7447840803946316,1.6648220811075118,-0.5463968727120204,1.1405158423997361,1.2322817461265787,1.9746317091534185,-0.516856823132496
